{
  "name": "jira-sprint-tracker",
  "version": "1.0.0",
  "description": "Real-time JIRA Sprint Tracking Application",
  "main": "server.js",
  "scripts": {
    "start": "node server.js",
    "dev": "nodemon server.js"
  },
  "dependencies": {
    "express": "^4.18.2",
    "sqlite3": "^5.1.6",
    "cors": "^2.8.5",
    "axios": "^1.6.0"
  },
  "devDependencies": {
    "nodemon": "^3.0.1"
  },
  "engines": {
    "node": ">=16.0.0"
  },
  "keywords": [
    "jira",
    "sprint",
    "tracking",
    "agile"
  ],
  "author": "Sprint Tracker Team",
  "license": "MIT"
}